DELETE FROM "Game";
INSERT INTO "Game"
("PEGI","Price","Released","Title","Year")
VALUES
(1,95.3768585540247,false,'alfrhdkrhg',1996),
(5,67.9813742241735,false,'txpwxjrfwquqsthaegsmxawrfneo',2007),
(5,51.8578351004318,false,'btincbwpurzu',1988),
(5,12.7648705894895,false,'xnuiwommcuk',2001),
(7,83.0348231969563,false,'olcykvgzofltkqapkcoszdyxvdrffgsjsobfylhi',1992),
(15,5.05617440308266,true,'uushlnommbdoqfhknjqrajseolkqprylil',2019),
(13,27.9413360519993,true,'orsquedkbeelyssactjucfbaplmzvqunv',1990),
(2,68.9167726859063,true,'lyjkvbrljiiqusutnvgvkjtfzxiykhpywsmstxkuwp',2009),
(18,45.2164857146407,true,'ukhmm',1985),
(5,12.4799225290678,false,'xjzsojgxzpfcrdhuosnhqkwvbcklmbfuhplwkfkwnyqcifv',2002),
(13,33.3227892314656,true,'xydanifjxygtvqsoimrhx',2014),
(13,6.82654476437091,true,'cogxmrdubikcujyyjcdlzhxnjdelmemrtbmbpk',1996),
(12,10.5569222744354,false,'lzvenpyotszlpnsexoycsqymtluoqviwhenkgjfuxhd',2010),
(14,42.3901498733974,false,'yuhbaykbnskwwxmanhgus',1985),
(6,5.40904894117687,true,'imfqiysnhnqlcfkhizonkn',1991),
(18,42.0197125938813,true,'xsxyot',2009),
(5,99.0256777713195,true,'fjdjcjuiptghmobvkxujzyae',2010),
(11,88.8808153736781,false,'jxllrouawlndseyomuuktaubqiybuozzcxtbtduvjpffbii',1981),
(14,99.8056240132105,false,'omjepbrpmafil',1983),
(18,11.5754754555297,true,'asefmqmznhytbhdojblqcjejfqez',2013),
(1,36.2114739991778,false,'lnngedmdh',1991),
(5,57.5238054173644,true,'hipdpvgadugxfqttnwrpjurcdcnigbnc',1993),
(14,38.5020495790532,true,'ippkbdkmclvqsodimeghjenbcv',1982),
(18,5.3416263555836,true,'blfkrcgeszqmjlczz',1983),
(5,13.6216593722914,true,'gnlbeeomgdx',1994),
(13,35.2940524845822,false,'nxfqhfdisfuokomudxihhvyodx',2010),
(9,40.7791122737243,true,'tlhfcbxwsqyz',2002),
(6,8.04915472634563,true,'ndwfebzlxrqwpcraxlpieodiqtonxzmapkzihrqa',2017),
(0,45.7920084673874,false,'bhzmzzklvmcnuqdeugrgfnedhvxkayumqenmdxvcxbzavqbjxc',2018),
(5,12.7783953490566,true,'qxlgrjpyeoudkubimunxevzag',2009),
(0,69.3645197508691,false,'vztdikzeeijpqteynxpwwrkzayqxvsnvrmyexheato',2007),
(8,98.4713822349307,true,'ymipylbopnbaqazzfmdvdhtdrknlsswraqcjck',2011),
(3,45.1419121549194,true,'utjkz',1995),
(6,41.9557591383139,false,'wlzsa',1980),
(6,20.3993667230938,false,'bchxgsadfzbwlfedvdsbelewwrc',2000),
(10,63.5219787762137,true,'jeztkhkpvp',1980),
(4,93.496467145391,false,'cptwvbtflzvmaobhkjvkerijgzmtjvlilxhdbsirfeqlyb',2012),
(7,99.5507812809901,true,'tyjbltovxzn',2000),
(11,82.8840776485782,true,'btcdjvyuczmojnttcvvjswidhwu',1994),
(7,65.024539880466,true,'vzphzsmemnwiwqgfbrguellvnwxqvtqneoulvi',2014),
(5,27.6788796645957,true,'ywwszolumhpllpwkcpypqlzzbd',2013),
(0,41.5610164350649,true,'vpedayqudfrqror',2015),
(1,4.20437303893472,false,'tezbktbusqtulnvszgszohfdesumixe',1998),
(7,47.7144747016553,false,'yqqvkvqoxctjlxademg',2005),
(10,58.745285498791,true,'wjvahgsajgzrlbifnpvpchqqafv',2017),
(1,99.7151069094963,false,'uiacmffvxvpccqkplfms',2010),
(12,43.0837558536249,false,'hztzddtrhrfqvqyhdssbhsnonljnrffjgap',2006),
(12,79.2396043549476,true,'uxadysxqukumozhusvbmvd',2008),
(15,48.7734180855441,false,'tkkrknmckpzkfgiyhxhhaipydlfsjponocnnepgai',1990),
(17,20.4148201585816,true,'moftswcngnoovcjcruxljaluesmxhxphrnuiubvuadic',1988);

DELETE FROM "User";
INSERT INTO "User"
("Balance","CreditCardNo","Email","Id","Username")
VALUES
(1498.64366976481,'mepxbkuzliuqgesn','akvbealbbxicuecjpu',16955,'owtfcosnqeayczpnbdhpfww'),
(1471.14229410474,'jugixbjnrrgneoga','ylhoupkrblkwsojypywtuopfju',13751,'ipedicnl'),
(970.980471219393,'jaxhtlybnzbnnvzf','ugvcoyfbzupyzubozo',22739,'xtfwdacnjjkl'),
(831.062386897887,'nnztbbiduyzijyao','chalcxpmxuiguunmpcncgquge',5071,'vbnrsjlfvnso'),
(1075.1635406982,'zqkclrvjoyolmylm','hnkwqehhcmnyduu',9606,'ifptyfsipptfjmaqevoaxv'),
(474.601918121149,'sjeysfxftnitgurn','iwasdxftgg',42150,'kdrhjqiabourqkqnidbyqhrdjfwn'),
(378.340355529608,'orgydlfqpbxawybg','tuipthhvnadn',38552,'ezgzrgxgarkjaaaxdwlf'),
(823.65616379476,'owtmldbaomdbmvwo','tdnemlunozjseslym',11023,'bkztazohl'),
(85.2931214428009,'qqmhjkndaxntngmi','kcqreejvnpzdvoriendofzh',35837,'dfvrque'),
(1472.27945224022,'csijsajnkhwxvyrq','xcqrjtffsw',6997,'hglrnflbihflyyzqponsomswsjjwj'),
(27.6297375222807,'agcfikeiagvfxmiy','swlxefmnfsdnqqqgzgmvla',1966,'npytu'),
(1148.73238496889,'xkarlsabrvnsxqqf','okwaexlzlwpltqsrawr',33411,'nxsapgtgmyrxhgacb'),
(1388.12810247211,'ubilrxppnklfjynh','smztlgpsjtmcwcywhbtkoggpvyzyeu',44442,'pcrfmwweeyupn'),
(1256.84039516227,'ppkomygkxylknfqi','fchmvzwzylir',22890,'jiskbnawrxreyaemzswkirzzxzrxy'),
(411.476024152467,'kuruxuaycmwhzuzl','pgbraxthwilsdqoofjzvweuumxp',29837,'lwlmuriwpwb'),
(1029.31800532589,'nbeecodjndpqacrz','xcqorftlezzsydzb',42500,'xmzcljnxd'),
(1206.74050678813,'digvcdpvhefrbbrt','rqhyjymrrmbzuad',30645,'okvucmkqwhgtvfpyjfixfdgwvkogq'),
(742.134030555437,'cquibftruxjkurok','dsdirfq',31186,'pwdjyqzn'),
(1126.98011478734,'pqpoqgnqkykarlqa','gaceovdrivqpkyojgzblmnkloze',49927,'eskrekhcsfjyitjctijbgioasok'),
(1192.76028996928,'jxtllsykxuzvrvau','vfctslreqwuxxfiwlt',40496,'rwnkmehnd'),
(780.879644807838,'qmlmvlwoxuljyphz','tbycbqfwhsnpzfundvtld',44012,'pbnewtmjcgperyhabbzmszfsgzoe'),
(327.460322914394,'ddseiastiffirrmf','hajizctruthympmyiuvkbce',22491,'plmulz'),
(577.160417603869,'askzwdkykrmcrjsy','terjnxbvijngjxfozadzx',4041,'jybpllj'),
(119.110990371141,'hyooyztgfvqmpjid','gqhvqmugwqyyzubsjtznmqhysovbce',7478,'kbyytjwmqph'),
(940.490701906612,'rddjoyxxnotalpyv','tbslslurvybavwdcsbwvr',18172,'dexzkibwdxapfwgcoboufffxej'),
(1451.62427539547,'ohmimaegxagtuwfg','doontpjegscwnnhekbvabgjiddv',38442,'luzrcvsidkfyx'),
(1044.96344856218,'xzogduzofzolkibb','szteuvnidctjyexphqclaaexmww',7187,'caitutfjdwiajgebixjcktwcbswrvw'),
(1379.49204672104,'bcvwpidbhhhiidtd','hnitxhp',27672,'iyuedhldbxypxj'),
(693.476369461732,'mblmbhszyyutheqi','ydiurz',32455,'yqrkamxgpnykczrqaburipisqwjpv'),
(1194.38357194624,'gskkaykjzlraxsps','jafjjn',31253,'iimloz'),
(1309.32673779751,'ihmratnxlgkuruna','enbpssnq',25521,'cmidgimhnecpfsu'),
(1230.44663701693,'hnfngmmmnmpvnqvr','kpwre',29211,'kvxhfqoekplx'),
(1498.72559239097,'wsiznpvwbrrttsgh','bfyzeilrafjbvlgnphpehbvidne',23357,'gfhbvfwbd'),
(117.908889948348,'zbburouexwdxhizw','kvrwmaoqnfpnhjxknq',17094,'iryyqqnbjhboohxhcyh'),
(953.960478284378,'dozprhwdimhunkxx','oyigvtyai',32181,'umllqksx'),
(1228.16643036351,'rqlumiskzqadscua','ybihbhn',26939,'lejpnbcmh'),
(1331.05759221644,'fjoiykersinnxygk','lsney',33638,'ymicog'),
(1188.25423819397,'sdndwyqqijnffzkf','ozmdzobrrafnjd',22795,'pryfyeiacyhnqydvhllqnmdsisu'),
(1461.28991104722,'gswullsjamzugiho','llrhdvgyrfyjsycubmwddbkeij',28265,'yrctpuslzunlfmcwxufn'),
(679.258822546927,'voasbnctogximyhi','pmxwpmgdb',40904,'yjoxk'),
(840.849762009852,'etimbsfxshvmfwbx','cfbvwje',27459,'oyhazhiecghqgnsusvjgjzbx'),
(799.938155710668,'xppblvtugwjgahwu','tjdndshsrgulrquocrdu',31043,'zdgewsawxsrimpyrsmkgxrchwn'),
(1214.56384063445,'gpcoqjjbhfesdsto','duncauzbdwmzepashsaktzcjjhgjl',35884,'milbwsaqlgybji'),
(782.661797377589,'smaycmehguspjrcc','aidpriebvobdrct',9982,'wemxefpogzfbjwlgqpcyyvapleaan'),
(153.785016226482,'krxqgvpprjpuwzqq','xgmatvcnhnbcaiqqzzsfabhwko',39168,'bfdyjuwgvbxvach'),
(831.980078868559,'ypvevkytaqomgorc','gqerjmblyuqyzdnr',22144,'msfxpojvlfpkfzolsplpreb'),
(1119.38821017714,'inopknqvtjbgsiaf','vhdefpuhvdo',48623,'twdvc'),
(549.614961515001,'vjhduwpmukvdzpla','kfhjqixzfdxfxdprimzal',7444,'pmbvejzmgt'),
(667.101871532901,'dnxkupzaemoqqphh','xwlssbhepxfuvoyaxqgsysjxcclzx',33880,'guonfiszqboanlum'),
(266.884866062032,'sjcwfcjahgslyilw','eykggctojccftajpxai',19300,'cfqzjpdvsxjjelvtrrgmde'),
(144.019672947014,'xnpwtnvliqglyxip','xzbwyrpmckgnqsvmykxlvzlmafdub',7586,'tacrvnxovtmlsfjhruryoazs'),
(1393.00008508982,'kulcyupqvhmnkmlx','iinbdgtaxdevpnwwuvqgrsqadsli',8568,'yipetgkikjfinutbcwmqilgfyfqsn'),
(1290.78504945654,'lmmcnrxgxlanegbv','pegcptgicjejogaelv',5232,'fjljrot'),
(1038.3073666777,'cdxnjynbsxtcispc','wvweegodvgzbyjgjuchbudyccw',28973,'zattjwshqqnuesqtkvb'),
(706.912611241877,'szlhtpqucqmjhimf','uwfcqseemcjpezbcvoyxjqktjrhxl',18897,'momnnrvncsintpxfnaihbfplodl'),
(51.9876089189144,'pslnsgsgurzkkwun','izsmynfwtkasmbrhhhzngcxvaqzega',17442,'mzfjlmphpdkhjlcwczejhhvtgcwlho'),
(278.636454967147,'cgdjgaulvierlqoh','rziyrbojytbrucmj',24955,'dxncrhvzdwsqotjfsk'),
(592.731184369294,'eulvktfwaytyaclg','pyqkye',10687,'tryiinlnsacpqrqepsece'),
(779.843638082893,'kxyoutjovzcnaytr','xegjsglmynuybjietmljzurglzofl',9481,'ododfrkcodalie'),
(1019.17788899465,'lhjmyhrhjzixznwz','coxvyxrdlfweuuvxbjnuyw',6875,'kwkdtbcw'),
(1227.74575591448,'dpfbcucvrquavyou','kzukbnqi',39215,'sgvsfzsvbqggobxtxblmoyla'),
(1471.34624816074,'mehteljawoennzst','cfgyrunkksaospihilqrsoshgyz',11342,'akxpmfzznqfuynp'),
(1178.79535894785,'pxolyzrmtzjmssmn','qataauqvsjoqpaxpdkdmcdgu',23785,'nbyjfdrokuzxjxsckcscbf'),
(995.897118698758,'jxnsfvbqrvvmmswc','rbqiejjrbrqiiqtmxgnirfiz',9079,'kijxkvxztadlz'),
(75.4928053708248,'ivthftwmkziphksf','obhwwf',4615,'nvjznfcgpwzemskryevodensf'),
(854.742020533766,'bqcgxurouqvmuprg','tjuvhpklysmrpmbexphspe',41028,'mzljqycjmdjku'),
(534.972759445651,'wxrriskalfioymgn','nbvzulgtmfprcigyhoinjmqq',11947,'gnunykyxtnlqrewpqazaee'),
(721.750212936546,'ryiwkneqvhrdvyfq','tgpnnwclhqecjvevpjtkynqjtzu',12694,'mnexixppdmbn'),
(1123.62445826811,'apjpdgyanwzvqwbx','zukqforwzsdeaopzdabtojhwuc',24232,'kgvptiv'),
(1497.67206190046,'auryvafaewemaagy','efjhhpewodvovzshkzdvtr',3576,'kmwyzhwhwwsvrtu'),
(175.436312414443,'bhpzonzwtwdomxae','narsqjkwmfzpkmgtuhejg',29499,'tcouuhayjzx'),
(430.844895975126,'sfwksgcdexjgxwyj','vylin',30863,'uhoicecoanmatzmvgsrenyuijmtph'),
(240.976600321465,'njinnqmhbmvyjlki','ukcbhrmbdhrlicyo',2265,'rgrzkcmaltatqixettvjqdf'),
(725.212200183986,'rkwqpmpfzzpgpemf','rcubr',17744,'tlyctrnpeajbdipwrrakihjuvcfeng'),
(417.286507513973,'scwkalszrmflqooi','lsfdxfzzyqshbqznlspmlkhmeg',17625,'uohcezspikqrxnszjjkofej'),
(922.932244335735,'uocnryzcsqvewslr','jjzuzuzutykzeoqprzdfhrzd',47042,'hpwwoykaovioaa'),
(794.53961564905,'vaktjwlcxerjgmda','xscmswlnzgqmxwrlrjydoykxufblcf',12558,'uavymuidmaozrnlfglhfdaclzhfr'),
(1319.60596019384,'uwjlbzyexddctxmz','bzicrj',8031,'sswimgipqxjbsieovckthuvf'),
(581.251909528511,'bpnrvvzbjshwpuce','oxmdb',7116,'kqhbyxkl'),
(821.906965375834,'ulxciejkdtbayypj','sigzcbaki',3650,'mcmzppjzpyeeluwbxptatoebof'),
(1181.72608720219,'tnzctnfxgfapoioz','tylbncclzycj',48009,'fsrdajtgdkdmoaxsqrchyfhjinggho'),
(1213.37353983585,'jbjisnswxyilfixp','jsvziagkblkbmliyn',9488,'pgeymmbsbzrczjnjixzprggyg'),
(1191.07137769045,'pzgnjhgucvtblgqm','cuwsibwdxzejkiyzplcdwwhnkbh',36847,'hdytduwtngtheovacjpwsvsp'),
(605.03652231071,'ybjarszhtafqvibx','giyvgaimkon',28556,'eoogvdbmkdlzqwqzn'),
(1425.01759595471,'dzancfwojxkrbsvj','qmvabybniykmmqfyccam',37605,'hnauaqpculyhyb'),
(1464.85463598038,'zcmdtfmujwhgrymp','rdnqezxwhbwxmzh',4879,'ycfnqcnaudxyvutxnanrl'),
(1412.04597214798,'pdbjaagjswwpxpar','rcvgubtndgyzbuxwdetlqr',41571,'moyfdpofhxrdtjmauotjtpqlfv'),
(283.421970570191,'svvhhnaopmatvtiv','rubcacxeyvpiwpnwpikopwywjfgq',14320,'kubsjpubwaptxevadkfwkhocsiuw'),
(160.382106974899,'yarqccqqlgukhwwm','midutkrmgkfpnpqkoyme',42627,'jfmdhdwcznjcfrzpnvlbaehrnzhgo'),
(1067.19245555214,'hpvsnlrwdmxwzrxm','kkoxvbnitxcwohxmvxi',2797,'uasbqlvyveh'),
(134.882498828174,'inyququbnlutbhfm','ptyecxsbsrfegkhf',31362,'oaodkhxprndexqrwmnejegd'),
(474.251424648916,'iiaujgpwzxejseit','fqstqpeyurrrdnenaxajmqxtposmx',48712,'zlnxcx'),
(52.6274037792475,'bzqzhahnrasngefu','vhclhswuzag',26676,'fbawxezvsocwqiuqehhpkadgfgmvin'),
(446.159372779615,'rtoeiacfpejbdkvz','pecgm',1456,'shrdpyhzn'),
(285.712323517405,'stwobrdvxmboepxn','ducoiorwcmojzmj',14129,'ltjsgbnqkqhztnohkl'),
(1303.72719550679,'lwqiaxkbkoqylyuk','vvvkkircsujmmpco',19808,'hbwvwkwqaagyyrveyyfmjsrwim'),
(458.20778233847,'tcankervjdycmgim','eqioxbmmkzifjvsourwwnknhan',45591,'vrbwjcwpjbkfbbrzdzjleahojta'),
(575.818056508814,'ydcoekcipuasvibq','qtytuy',12426,'svqqphwnnjxaasua'),
(1144.18736153477,'cvpinzhyefyazuxi','laggqyqhkbgwd',31284,'awzqhldnzgmtpjfuiidiaoeezrvvql'),
(617.420638267612,'lqpldanayypjkzyg','uaduvptayrkecnpymnrici',46395,'dhvqulphkgwxgnmhlresqtgotrmp');

DELETE FROM "User_Game";
INSERT INTO "User_Game"
("Title","UserId","Year")
VALUES
('uxadysxqukumozhusvbmvd',12694,2008),
('hipdpvgadugxfqttnwrpjurcdcnigbnc',37605,1993),
('ymipylbopnbaqazzfmdvdhtdrknlsswraqcjck',44012,2011),
('tlhfcbxwsqyz',48712,2002),
('ywwszolumhpllpwkcpypqlzzbd',13751,2013),
('tyjbltovxzn',7187,2000),
('xydanifjxygtvqsoimrhx',1966,2014),
('bhzmzzklvmcnuqdeugrgfnedhvxkayumqenmdxvcxbzavqbjxc',39168,2018),
('xnuiwommcuk',24955,2001),
('gnlbeeomgdx',16955,1994),
('tyjbltovxzn',48623,2000),
('hipdpvgadugxfqttnwrpjurcdcnigbnc',4615,1993),
('xsxyot',2265,2009),
('tkkrknmckpzkfgiyhxhhaipydlfsjponocnnepgai',38552,1990),
('jxllrouawlndseyomuuktaubqiybuozzcxtbtduvjpffbii',18172,1981),
('yqqvkvqoxctjlxademg',28556,2005),
('tkkrknmckpzkfgiyhxhhaipydlfsjponocnnepgai',7586,1990),
('btcdjvyuczmojnttcvvjswidhwu',40496,1994),
('vztdikzeeijpqteynxpwwrkzayqxvsnvrmyexheato',5071,2007),
('btincbwpurzu',2265,1988),
('ywwszolumhpllpwkcpypqlzzbd',7444,2013),
('lnngedmdh',29837,1991),
('uiacmffvxvpccqkplfms',38442,2010),
('ippkbdkmclvqsodimeghjenbcv',27459,1982),
('alfrhdkrhg',6875,1996),
('nxfqhfdisfuokomudxihhvyodx',41028,2010),
('blfkrcgeszqmjlczz',7116,1983),
('ymipylbopnbaqazzfmdvdhtdrknlsswraqcjck',5232,2011),
('vpedayqudfrqror',44442,2015),
('jeztkhkpvp',38442,1980),
('omjepbrpmafil',17442,1983),
('bchxgsadfzbwlfedvdsbelewwrc',28265,2000),
('tkkrknmckpzkfgiyhxhhaipydlfsjponocnnepgai',5232,1990),
('btincbwpurzu',12426,1988),
('orsquedkbeelyssactjucfbaplmzvqunv',17625,1990),
('hipdpvgadugxfqttnwrpjurcdcnigbnc',48009,1993),
('lzvenpyotszlpnsexoycsqymtluoqviwhenkgjfuxhd',42627,2010),
('gnlbeeomgdx',48009,1994),
('asefmqmznhytbhdojblqcjejfqez',42150,2013),
('blfkrcgeszqmjlczz',4041,1983),
('moftswcngnoovcjcruxljaluesmxhxphrnuiubvuadic',36847,1988),
('cptwvbtflzvmaobhkjvkerijgzmtjvlilxhdbsirfeqlyb',1456,2012),
('alfrhdkrhg',17625,1996),
('imfqiysnhnqlcfkhizonkn',49927,1991),
('txpwxjrfwquqsthaegsmxawrfneo',7478,2007),
('xjzsojgxzpfcrdhuosnhqkwvbcklmbfuhplwkfkwnyqcifv',11947,2002),
('xydanifjxygtvqsoimrhx',6997,2014),
('txpwxjrfwquqsthaegsmxawrfneo',14129,2007),
('vpedayqudfrqror',14320,2015),
('blfkrcgeszqmjlczz',33880,1983);

